opus-number,opus-avg-speed,opus-avg-vision,opus-avg-htr,opus-avg-age,hachi-number,hachi-avg-speed,hachi-avg-vision,hachi-avg-htr,hachi-avg-age,plant-number
40,3.4912333,71.424324,4.523959,69.339676,10,3.163012,48.01305,6.6062074,70.83474,71
38,3.5387473,70.29472,4.476902,77.93451,10,3.163012,48.01305,6.6062074,80.1505,44
43,3.6354346,74.02288,4.313574,6.144473,10,3.163012,48.01305,6.6062074,6.4473853,34
39,3.6462965,73.06399,4.3756356,16.932901,10,3.163012,48.01305,6.6062074,17.816704,13
40,3.6609833,73.267685,4.3217206,37.302624,10,3.163012,48.01305,6.6062074,39.185146,9
39,3.700788,74.301956,4.367157,49.406033,10,3.163012,48.01305,6.6062074,51.403862,10
41,3.7469091,74.13907,4.2623706,54.77018,10,3.163012,48.01305,6.6062074,57.478294,10
41,3.7469091,74.13907,4.2623706,57.947575,10,3.163012,48.01305,6.6062074,60.812786,10
42,3.7087932,74.30746,4.26572,60.178474,10,3.163012,48.01305,6.6062074,62.53837,10
42,3.729818,74.0876,4.2347975,60.89916,10,3.163012,48.01305,6.6062074,63.41518,10
40,3.7087188,73.66704,4.2183385,61.733887,10,3.163012,48.01305,6.6062074,63.77772,10
40,3.7087188,73.66704,4.2183385,62.01711,10,3.163012,48.01305,6.6062074,64.07033,10
41,3.7287102,72.81712,4.169575,63.01191,10,3.163012,48.01305,6.6062074,64.32004,10
41,3.7287102,72.81712,4.169575,63.07162,10,3.163012,48.01305,6.6062074,64.38101,10
41,3.7287102,72.81712,4.169575,63.08836,10,3.163012,48.01305,6.6062074,64.3981,10
41,3.7287102,72.81712,4.169575,63.121494,10,3.163012,48.01305,6.6062074,64.431885,10
39,3.7727435,72.266045,4.1149225,61.75929,10,3.163012,48.01305,6.6062074,64.42737,10
39,3.7727435,72.266045,4.1149225,61.741116,10,3.163012,48.01305,6.6062074,64.40842,9
40,3.791634,71.4299,4.0675254,62.52468,10,3.163012,48.01305,6.6062074,64.403824,8
40,3.9077907,72.253174,4.1230016,63.897175,10,3.163012,48.01305,6.6062074,64.502,10
39,3.8632011,70.22955,3.9478114,60.788555,10,3.163012,48.01305,6.6062074,64.35153,10
39,3.8632011,70.22955,3.9478114,60.922394,10,3.163012,48.01305,6.6062074,64.49322,9
38,3.8723555,70.121704,3.9051254,60.643585,10,3.163012,48.01305,6.6062074,64.33696,9
37,3.9200246,70.72692,3.9417584,61.199245,10,3.163012,48.01305,6.6062074,64.28411,10
37,3.9200246,70.72692,3.9417584,61.291687,10,3.163012,48.01305,6.6062074,64.381195,9
36,4.028914,72.69156,4.051252,63.039463,10,3.163012,48.01305,6.6062074,64.42742,10
36,3.9031262,71.61321,3.9896116,60.44473,10,3.163012,48.01305,6.6062074,64.423874,9
36,3.9031262,71.61321,3.9896116,60.395874,10,3.163012,48.01305,6.6062074,64.37179,11
36,3.9031262,71.61321,3.9896116,60.391098,10,3.163012,48.01305,6.6062074,64.36671,10
37,3.9196744,71.31863,4.0079513,59.71149,10,3.163012,48.01305,6.6062074,64.38573,10
36,3.9107797,71.55356,3.9915717,58.647713,10,3.163012,48.01305,6.6062074,64.337875,12
35,3.8839734,72.834885,3.9538233,57.947914,10,3.163012,48.01305,6.6062074,64.303604,10
35,3.8839734,72.834885,3.9538233,57.919506,10,3.163012,48.01305,6.6062074,64.272095,12
36,3.9146924,73.06757,3.9056349,57.773148,10,3.163012,48.01305,6.6062074,64.44158,11
36,3.9146924,73.06757,3.9056349,57.708103,10,3.163012,48.01305,6.6062074,64.369026,11
36,3.9146924,73.06757,3.9056349,57.710205,10,3.163012,48.01305,6.6062074,64.371376,10
36,3.9146924,73.06757,3.9056349,57.704117,10,3.163012,48.01305,6.6062074,64.36458,11
34,4.0204463,74.97709,4.0701127,59.10869,10,3.163012,48.01305,6.6062074,64.28603,10
34,3.9390838,73.83531,3.9190502,56.337685,10,3.163012,48.01305,6.6062074,64.2482,10
33,3.9544117,73.978775,3.930826,56.8379,10,3.163012,48.01305,6.6062074,64.27588,10
33,3.9544117,75.11616,3.9340816,57.194542,9,3.20179,44.917862,6.7183537,65.26169,11
34,3.9626281,75.29544,3.883639,57.510864,9,3.20179,44.917862,6.7183537,65.35334,10
33,3.9419117,75.73731,3.9340816,57.692722,9,3.20179,44.917862,6.7183537,65.33781,10
33,3.9419117,75.73731,3.9340816,57.70449,9,3.20179,44.917862,6.7183537,65.35114,10
34,3.9626281,75.56725,3.9222102,57.528988,9,3.20179,44.917862,6.7183537,65.37393,10
33,3.9544117,75.39621,3.90764,57.787277,9,3.20179,44.917862,6.7183537,65.3168,10
32,3.9575043,75.72577,3.9604092,58.084377,9,3.20179,44.917862,6.7183537,65.41353,12
30,3.9963727,74.59761,3.9654405,57.996685,9,3.20179,44.917862,6.7183537,65.38397,14
30,3.9963727,74.59761,3.9654405,57.997208,9,3.20179,44.917862,6.7183537,65.384575,14
30,3.9963727,74.59761,3.9654405,57.906296,9,3.20179,44.917862,6.7183537,65.282074,14
30,3.9963727,74.59761,3.9654405,58.00512,9,3.20179,44.917862,6.7183537,65.39351,13
32,4.033465,76.556564,3.9494252,57.051144,9,3.20179,44.917862,6.7183537,65.37291,9
31,4.0743403,76.04237,3.8843453,55.865913,9,3.20179,44.917862,6.7183537,65.357025,10
31,4.0743403,76.04237,3.8843453,55.82938,9,3.20179,44.917862,6.7183537,65.31428,9
29,4.023049,76.003555,3.9266963,54.444954,9,3.20179,44.917862,6.7183537,65.22027,10
26,4.061047,75.762405,3.887904,52.165867,9,3.20179,44.917862,6.7183537,65.289856,10
26,4.061047,75.762405,3.887904,52.151436,9,3.20179,44.917862,6.7183537,65.2718,12
26,4.0464964,76.2282,3.8688364,52.129227,9,3.20179,44.917862,6.7183537,65.24401,12
26,4.0464964,76.2282,3.8688364,52.18248,9,3.20179,44.917862,6.7183537,65.310646,10
24,4.086375,75.81291,3.9153202,50.930683,9,3.20179,44.917862,6.7183537,65.29201,10
23,4.0964155,75.578186,3.91567,51.174316,9,3.20179,44.917862,6.7183537,65.40039,10
23,4.100162,75.01863,3.7928176,51.506756,9,3.20179,44.917862,6.7183537,65.309845,11
23,4.105851,75.420456,3.7433517,51.76614,9,3.20179,44.917862,6.7183537,65.30725,10
23,4.105851,75.420456,3.7433517,51.725113,9,3.20179,44.917862,6.7183537,65.25549,10
22,4.292481,78.848656,3.9135041,54.07927,9,3.20179,44.917862,6.7183537,65.259125,10
22,4.086416,73.49409,3.8056061,52.491756,9,3.20179,44.917862,6.7183537,65.257545,10
22,4.086416,73.49409,3.8056061,52.50445,9,3.20179,44.917862,6.7183537,65.273346,10
22,4.086416,73.49409,3.8056061,52.59182,9,3.20179,44.917862,6.7183537,65.38196,10
22,4.086416,73.49409,3.8056061,52.53413,9,3.20179,44.917862,6.7183537,65.31025,10
22,4.086416,73.49409,3.8056061,52.507214,9,3.20179,44.917862,6.7183537,65.276764,9
22,4.086416,73.49409,3.8056061,52.51024,9,3.20179,44.917862,6.7183537,65.28053,12
21,4.281007,76.993805,3.9868255,55.092594,9,3.20179,44.917862,6.7183537,65.37769,11
21,4.0974145,73.804794,3.8007648,52.63394,9,3.20179,44.917862,6.7183537,65.34485,10
19,4.0613503,72.34777,3.8185472,52.983288,9,3.20179,44.917862,6.7183537,65.327736,10
19,4.0613503,72.34777,3.8185472,53.011524,9,3.20179,44.917862,6.7183537,65.36255,10
20,4.090596,72.22815,3.7439442,53.996807,9,3.20179,44.917862,6.7183537,65.271996,11
20,4.090596,72.22815,3.7439442,54.027466,9,3.20179,44.917862,6.7183537,65.30907,12
20,4.090596,72.22815,3.7439442,54.044453,9,3.20179,44.917862,6.7183537,65.32959,13
20,4.090596,72.22815,3.7439442,54.040993,9,3.20179,44.917862,6.7183537,65.32541,13
20,4.090596,72.22815,3.7439442,54.016132,9,3.20179,44.917862,6.7183537,65.29536,12
20,4.2156076,72.780495,3.8312194,55.759155,9,3.20179,44.917862,6.7183537,65.37561,12
19,4.246443,74.87784,3.8795185,56.712902,8,3.3422034,47.92249,6.593852,64.03611,12
19,4.246443,74.87784,3.8795185,56.742348,8,3.3422034,47.92249,6.593852,64.06936,10
20,4.266434,74.631714,3.8809063,56.577442,8,3.3422034,47.92249,6.593852,64.2099,11
20,4.266434,74.631714,3.8809063,56.468822,8,3.3422034,47.92249,6.593852,64.08663,11
20,4.266434,74.631714,3.8809063,56.517803,8,3.3422034,47.92249,6.593852,64.14221,11
21,4.2468634,74.945045,3.8017695,56.252354,8,3.3422034,47.92249,6.593852,64.13776,10
18,4.176813,74.2587,3.816903,55.687973,8,3.3422034,47.92249,6.593852,64.209885,11
18,4.176813,74.2587,3.816903,55.69179,8,3.3422034,47.92249,6.593852,64.2143,11
17,4.195717,73.68499,3.811587,55.945442,8,3.3422034,47.92249,6.593852,64.194244,11
18,4.2207475,73.47778,3.7231119,56.35497,8,3.3422034,47.92249,6.593852,64.06827,10
20,4.2574043,71.837135,3.5727038,57.710747,8,3.3422034,47.92249,6.593852,64.09986,10
20,4.2574043,71.837135,3.5727038,57.695026,8,3.3422034,47.92249,6.593852,64.0824,10
20,4.2574043,71.837135,3.5727038,57.655518,8,3.3422034,47.92249,6.593852,64.03851,9
20,4.2574043,71.837135,3.5727038,57.682304,8,3.3422034,47.92249,6.593852,64.06827,10
20,4.2574043,71.837135,3.5727038,57.75699,8,3.3422034,47.92249,6.593852,64.151215,10
21,4.270307,71.74752,3.5133603,58.47004,8,3.3422034,47.92249,6.593852,64.07618,12
21,4.270307,71.74752,3.5133603,58.562347,8,3.3422034,47.92249,6.593852,64.177345,11
21,4.270307,71.74752,3.5133603,58.54429,8,3.3422034,47.92249,6.593852,64.15755,10
21,4.270307,71.74752,3.5133603,58.50114,8,3.3422034,47.92249,6.593852,64.11026,10
21,4.270307,71.74752,3.5133603,58.598686,8,3.3422034,47.92249,6.593852,64.217155,10
21,4.270307,71.74752,3.5133603,58.494637,8,3.3422034,47.92249,6.593852,64.10313,10
21,4.270307,71.74752,3.5133603,58.523228,8,3.3422034,47.92249,6.593852,64.13446,11
21,4.148117,71.74752,3.5133603,57.818893,8,3.3422034,47.92249,6.593852,64.20354,11
21,4.148117,71.74752,3.5133603,57.822323,8,3.3422034,47.92249,6.593852,64.207344,10
20,4.1057205,70.98958,3.4559722,58.959667,8,3.3422034,47.92249,6.593852,64.18467,10
20,4.1057205,70.98958,3.4559722,58.903656,8,3.3422034,47.92249,6.593852,64.1237,10
20,4.1057205,70.98958,3.4559722,58.90166,8,3.3422034,47.92249,6.593852,64.12151,10
20,4.1057205,70.98958,3.4559722,58.995422,8,3.3422034,47.92249,6.593852,64.223595,12
21,4.131461,70.94032,3.402187,59.680984,8,3.3422034,47.92249,6.593852,64.179535,11
19,4.1188927,70.60874,3.4378746,60.477814,8,3.3422034,47.92249,6.593852,64.06179,11
18,4.0895944,70.031334,3.335759,59.744465,8,3.3422034,47.92249,6.593852,64.0836,11
18,4.187581,71.71182,3.1049852,59.40475,8,3.3422034,47.92249,6.593852,64.14701,10
18,4.187581,71.71182,3.1049852,59.284283,8,3.3422034,47.92249,6.593852,64.01693,10
18,4.187581,71.71182,3.1049852,59.358852,8,3.3422034,47.92249,6.593852,64.09744,10
18,4.187581,71.71182,3.1049852,59.356308,9,3.2349749,49.14806,6.548424,62.530804,10
18,4.187581,71.71182,3.1049852,59.454338,9,3.2349749,49.14806,6.548424,62.634087,11
18,4.187581,71.71182,3.1049852,59.372505,9,3.2349749,49.14806,6.548424,62.547886,11
18,4.187581,71.71182,3.1049852,59.333042,9,3.2349749,49.14806,6.548424,62.5063,12
18,4.187581,71.71182,3.1049852,59.3565,9,3.2349749,49.14806,6.548424,62.53102,11
19,4.205517,72.211815,3.058356,58.99366,9,3.2349749,49.14806,6.548424,62.613388,10
18,4.18103,72.33716,3.0321283,59.340576,9,3.2349749,49.14806,6.548424,62.51424,13
18,4.18103,72.33716,3.0321283,59.42967,9,3.2349749,49.14806,6.548424,62.6081,12
19,4.2055163,72.80424,2.9949892,60.129555,9,3.2349749,49.14806,6.548424,62.52777,12
19,4.2055163,72.80424,2.9949892,60.150345,9,3.2349749,49.14806,6.548424,62.549377,12
20,4.221011,70.81057,2.9561913,60.316906,9,3.2349749,49.14806,6.548424,62.45887,12
20,4.221011,70.81057,2.9561913,60.42146,9,3.2349749,49.14806,6.548424,62.56713,10
20,4.221011,70.81057,2.9561913,60.402477,9,3.2349749,49.14806,6.548424,62.547485,10
20,4.221011,70.81057,2.9561913,60.33546,9,3.2349749,49.14806,6.548424,62.47808,10
21,4.241262,72.31406,2.9262052,61.12277,9,3.2349749,49.14806,6.548424,62.616028,10
21,4.241262,72.31406,2.9262052,61.008514,9,3.2349749,49.14806,6.548424,62.498978,10
21,4.241262,72.31406,2.9262052,61.104805,9,3.2349749,49.14806,6.548424,62.59763,10
21,4.1190724,73.85827,2.9262052,61.04017,9,3.2349749,49.14806,6.548424,62.5314,10
21,4.1190724,73.85827,2.9262052,61.127674,9,3.2349749,49.14806,6.548424,62.62105,10
21,4.1190724,73.85827,2.9262052,61.004436,9,3.2349749,49.14806,6.548424,62.494804,10
21,4.1190724,73.85827,2.9262052,61.168377,9,3.2349749,49.14806,6.548424,62.66274,10
21,4.1190724,73.85827,2.9262052,61.09426,9,3.2349749,49.14806,6.548424,62.586826,10
21,4.1190724,73.85827,2.9262052,61.111027,9,3.2349749,49.14806,6.548424,62.60399,11
21,4.1190724,73.85827,2.9262052,61.146183,9,3.2349749,49.14806,6.548424,62.64,10
20,4.1133375,73.4906,2.9615636,60.934998,9,3.2349749,49.14806,6.548424,62.637653,11
21,4.016526,73.85827,2.9262052,60.444378,9,3.2349749,49.14806,6.548424,62.615818,10
21,4.016526,73.85827,2.9262052,60.38026,9,3.2349749,49.14806,6.548424,62.549404,10
21,4.016526,73.85827,2.9262052,60.32952,9,3.2349749,49.14806,6.548424,62.496826,10
21,4.016526,73.85827,2.9262052,60.42355,9,3.2349749,49.14806,6.548424,62.59424,10
21,4.016526,73.85827,2.9262052,60.40431,9,3.2349749,49.14806,6.548424,62.57432,10
21,4.016526,73.85827,2.9262052,60.402718,9,3.2349749,49.14806,6.548424,62.57265,12
21,4.016526,73.85827,2.9262052,60.42119,9,3.2349749,49.14806,6.548424,62.59179,11
21,4.1010575,72.11595,2.8430655,62.24404,9,3.2349749,49.14806,6.548424,62.54577,10
21,4.0948267,69.816864,2.8379488,61.87005,9,3.2349749,49.14806,6.548424,62.595963,10
21,4.0948267,69.816864,2.8379488,61.814117,9,3.2349749,49.14806,6.548424,62.53936,10
19,4.2134533,68.61741,2.9030979,61.790462,9,3.2349749,49.14806,6.548424,62.594315,11
19,4.2134533,68.61741,2.9030979,61.69361,9,3.2349749,49.14806,6.548424,62.496216,11
19,4.2134533,68.61741,2.9030979,61.82803,9,3.2349749,49.14806,6.548424,62.63237,13
21,4.249059,69.28085,2.8430655,63.025238,9,3.2349749,49.14806,6.548424,62.648926,12
22,4.267114,69.311516,2.8147004,63.041508,9,3.2349749,49.14806,6.548424,62.560947,11
22,4.267114,69.311516,2.8147004,62.998306,9,3.2349749,49.14806,6.548424,62.51808,10
23,4.2784724,69.3395,2.7888017,63.59983,9,3.2349749,49.14806,6.548424,62.6356,10
23,4.2784724,69.3395,2.7888017,63.62389,9,3.2349749,49.14806,6.548424,62.659286,10
23,4.2784724,69.3395,2.7888017,63.585785,9,3.2349749,49.14806,6.548424,62.621746,11
25,4.3078966,69.38877,2.8117602,63.07634,9,3.2349749,49.14806,6.548424,62.553604,10
24,4.293797,69.365166,2.8364575,63.68954,9,3.2349749,49.14806,6.548424,62.66211,10
21,4.333827,69.99157,2.7068164,63.986443,9,3.2349749,49.14806,6.548424,62.66539,10
23,4.3496175,66.768906,2.6644003,63.829174,8,3.3422034,52.234016,6.582102,64.166595,9
23,4.3496175,66.768906,2.6644003,63.820457,8,3.3422034,52.234016,6.582102,64.157845,10
23,4.3496175,66.768906,2.6644003,63.93405,8,3.3422034,52.234016,6.582102,64.27203,11
23,4.343818,63.749214,2.6608977,63.482773,8,3.3422034,52.234016,6.582102,64.210106,9
22,4.5412645,66.646904,2.7818475,66.18151,8,3.3422034,52.234016,6.582102,64.02934,10
22,4.33543,63.467117,2.676098,62.862198,8,3.3422034,52.234016,6.582102,64.075836,10
22,4.33543,63.467117,2.676098,62.882774,8,3.3422034,52.234016,6.582102,64.0968,10
21,4.3268595,64.92123,2.6978633,63.179302,8,3.3422034,52.234016,6.582102,64.27762,10
22,4.3413777,63.467117,2.676098,63.156445,8,3.3422034,52.234016,6.582102,64.15203,9
22,4.3413777,63.467117,2.676098,63.28042,8,3.3422034,52.234016,6.582102,64.27797,10
22,4.3413777,63.467117,2.676098,63.258057,8,3.3422034,52.234016,6.582102,64.25526,10
20,4.5432024,68.16728,2.8327565,66.1153,8,3.3422034,52.234016,6.582102,64.06159,10
21,4.3268595,64.38521,2.6978633,62.99624,8,3.3422034,52.234016,6.582102,64.09138,10
21,4.332474,63.8492,2.6990664,62.527157,8,3.3422034,52.234016,6.582102,64.055046,9
22,4.34079,64.126755,2.6772466,62.851402,8,3.3422034,52.234016,6.582102,64.26375,10
22,4.34079,64.126755,2.6772466,62.780666,8,3.3422034,52.234016,6.582102,64.19143,10
21,4.4797397,63.313187,2.6990664,64.73148,8,3.3422034,52.234016,6.582102,64.1418,11
20,4.477956,63.217957,2.6006112,66.15039,8,3.3422034,52.234016,6.582102,64.05804,9
20,4.477956,63.217957,2.6006112,66.21834,8,3.3422034,52.234016,6.582102,64.12384,9
18,4.466524,64.526276,2.6430087,66.35907,7,3.1320386,51.27421,6.6388307,63.75478,10
18,4.466524,64.526276,2.6430087,66.31235,7,3.1320386,51.27421,6.6388307,63.709904,10
19,4.340933,64.81201,2.6220238,66.28948,7,3.1320386,51.27421,6.6388307,63.753693,11
20,4.3495307,65.069176,2.6018744,66.26091,7,3.1320386,51.27421,6.6388307,63.775257,10
20,4.3495307,65.069176,2.6018744,66.24144,7,3.1320386,51.27421,6.6388307,63.756504,11
20,4.3495307,65.069176,2.6018744,66.24309,7,3.1320386,51.27421,6.6388307,63.758083,14
20,4.3495307,65.069176,2.6018744,66.16044,7,3.1320386,51.27421,6.6388307,63.67854,15
20,4.3495307,65.069176,2.6018744,66.10449,7,3.1320386,51.27421,6.6388307,63.624687,13
20,4.3495307,65.069176,2.6018744,66.11319,7,3.1320386,51.27421,6.6388307,63.633068,11
19,4.5784535,68.49387,2.738815,69.68983,7,3.1320386,51.27421,6.6388307,63.721752,10
19,4.3409324,66.760666,2.6206086,66.22792,7,3.1320386,51.27421,6.6388307,63.6918,10
18,4.4665236,66.58318,2.6415148,66.275024,7,3.1320386,51.27421,6.6388307,63.671192,10
18,4.4665236,66.58318,2.6415148,66.33664,7,3.1320386,51.27421,6.6388307,63.730408,9
18,4.4665236,66.58318,2.6415148,66.33225,7,3.1320386,51.27421,6.6388307,63.726185,10
21,4.4853563,65.30185,2.586277,67.078896,7,3.1320386,51.27421,6.6388307,63.778442,10
23,4.494222,65.506676,2.5565395,66.84961,7,3.1320386,51.27421,6.6388307,63.71654,10
23,4.494222,65.506676,2.5565395,66.812614,7,3.1320386,51.27421,6.6388307,63.681274,10
23,4.494222,65.506676,2.5565395,66.886246,7,3.1320386,51.27421,6.6388307,63.751457,11
23,4.494222,65.506676,2.5565395,66.82298,7,3.1320386,51.27421,6.6388307,63.691154,12
23,4.494222,65.506676,2.5565395,66.803024,7,3.1320386,51.27421,6.6388307,63.672127,11
23,4.494222,65.506676,2.5565395,66.982086,7,3.1320386,51.27421,6.6388307,63.842793,10
22,4.4933734,65.30447,2.5718808,66.9039,7,3.1320386,51.27421,6.6388307,63.698215,10
22,4.4933734,65.30447,2.5718808,66.948395,6,3.0525866,48.13495,6.3731894,64.495,10
22,4.4933734,65.30447,2.5718808,66.92573,6,3.00189,51.914692,6.890784,60.581356,10
22,4.4933734,65.30447,2.5718808,67.07303,6,3.00189,51.914692,6.890784,60.71468,10
22,4.4933734,65.30447,2.5718808,66.885956,6,3.00189,51.914692,6.890784,60.545353,10
23,4.4948945,66.91661,2.5612113,67.21889,6,3.00189,51.914692,6.890784,60.563213,10
24,4.5022035,68.37268,2.5491457,67.10317,6,3.00189,51.914692,6.890784,60.54217,9
24,4.5022035,68.37268,2.5491457,67.10853,6,3.00189,51.914692,6.890784,60.54701,11
25,4.5079665,68.43599,2.5402393,67.481285,6,3.00189,51.914692,6.890784,60.63103,10
24,4.5081935,69.91537,2.553623,67.55903,6,3.00189,51.914692,6.890784,60.618793,10
25,4.513716,69.91696,2.543258,67.47109,6,3.00189,51.914692,6.890784,60.612568,11
26,4.5188146,69.9355,2.5327187,67.36147,6,3.00189,51.914692,6.890784,60.60799,10
27,4.5235353,68.564964,2.5211008,67.22922,6,3.00189,51.914692,6.890784,60.55884,10
28,4.527919,69.77278,2.5121055,67.217,6,3.00189,51.914692,6.890784,60.629406,10
28,4.527919,69.77278,2.5121055,67.16923,6,3.00189,51.914692,6.890784,60.586315,10
28,4.527919,69.77278,2.5121055,67.157425,6,3.00189,51.914692,6.890784,60.575687,10
28,4.527919,69.77278,2.5121055,67.199745,6,3.00189,51.914692,6.890784,60.613842,10
29,4.5274873,68.50237,2.5057046,67.451324,6,3.00189,51.914692,6.890784,60.623898,10
29,4.5274873,67.22567,2.504845,67.43936,6,3.00189,51.914692,6.890784,60.627773,10
28,4.5232453,67.12818,2.5112147,67.18268,6,3.00189,51.914692,6.890784,60.613647,10
30,4.523155,66.08251,2.491736,67.262,6,3.00189,51.914692,6.890784,60.532787,10
33,4.530382,66.434586,2.471732,67.46333,6,3.00189,51.914692,6.890784,60.64154,11
34,4.5299416,65.44918,2.4642997,67.25718,6,3.00189,51.914692,6.890784,60.51331,10
34,4.5299416,65.44918,2.4642997,67.36315,6,3.00189,51.914692,6.890784,60.608673,9
34,4.5299416,65.44918,2.4642997,67.44043,6,3.00189,51.914692,6.890784,60.67818,10
32,4.602858,64.15416,2.476271,66.96899,6,3.00189,51.914692,6.890784,60.63667,10
33,4.6041737,64.329956,2.471732,66.95342,6,3.00189,51.914692,6.890784,60.68272,12
36,4.6007714,64.67107,2.457345,67.0148,6,3.00189,51.914692,6.890784,60.653927,11
37,4.602001,64.81389,2.4515867,66.94805,6,3.00189,51.914692,6.890784,60.64035,9
39,4.6042714,64.128204,2.4857042,66.65805,6,3.00189,51.914692,6.890784,60.578037,10
40,4.6053214,64.27388,2.4817238,66.72671,6,3.00189,51.914692,6.890784,60.672882,10
38,4.610053,65.923515,2.4898946,66.19594,6,3.00189,51.914692,6.890784,60.549267,11
37,4.612611,66.81521,2.4972155,66.29054,6,3.00189,51.914692,6.890784,60.611176,10
39,4.6109815,66.02689,2.526238,65.899536,6,3.00189,51.914692,6.890784,60.63556,10
38,4.6166663,66.04446,2.5343218,65.68637,6,3.00189,51.914692,6.890784,60.639057,10
39,4.61407,65.1954,2.5262375,65.71555,6,3.00189,51.914692,6.890784,60.675217,10
40,4.6119275,64.38878,2.5212436,65.913124,5,3.0067704,53.602856,7.263644,56.657562,10
40,4.6119275,63.463173,2.5185573,65.88772,5,3.1438766,52.304382,7.050008,61.55883,11
41,4.6098895,63.621517,2.5524285,65.82865,5,3.1438766,52.304382,7.050008,61.521706,9
41,4.6098895,63.621517,2.5524285,65.84669,5,3.1438766,52.304382,7.050008,61.538563,10
44,4.60949,64.77097,2.5351527,65.63568,5,3.1438766,52.304382,7.050008,61.385998,10
46,4.607764,64.99673,2.5219033,65.77448,5,3.1438766,52.304382,7.050008,61.542732,11
46,4.607764,64.99673,2.5219033,65.634415,5,3.1438766,52.304382,7.050008,61.41166,10
45,4.6069083,64.886536,2.5280724,65.75575,4,3.0772023,54.64078,6.8068566,63.54754,10
45,4.6069083,64.886536,2.5280724,65.80126,4,3.0772023,54.64078,6.8068566,63.591515,11
45,4.6069083,65.60717,2.5286336,65.504555,4,3.0772023,54.64078,6.8068566,63.50036,9
46,4.607764,65.70169,2.524239,65.59062,4,3.0772023,54.64078,6.8068566,63.58994,10
46,4.70877,67.92743,2.5748148,66.83864,4,3.0772023,54.64078,6.8068566,63.427048,10
48,4.6093683,66.55485,2.4807756,65.89425,4,3.0772023,54.64078,6.8068566,63.429413,10
48,4.6093683,66.55485,2.4807756,66.02129,4,3.0772023,54.64078,6.8068566,63.551716,9
49,4.607715,66.624245,2.4759498,66.197914,4,3.0772023,54.64078,6.8068566,63.56169,10
53,4.610799,66.777245,2.461607,66.472176,4,3.0772023,54.64078,6.8068566,63.58499,10
56,4.608257,66.95552,2.4501293,66.543594,4,3.0772023,54.64078,6.8068566,63.564915,10
58,4.6074915,67.61283,2.442345,66.510445,4,3.0772023,54.64078,6.8068566,63.58194,10
58,4.607492,67.62579,2.4428144,66.540565,4,3.0772023,54.64078,6.8068566,63.46425,10
59,4.608149,67.665276,2.4400656,66.43758,4,3.0772023,54.64078,6.8068566,63.625877,10
62,4.605658,68.30711,2.431511,66.34175,4,3.0772023,54.64078,6.8068566,63.447453,10
65,4.603587,69.365295,2.4220343,66.50688,4,3.0772023,54.64078,6.8068566,63.527657,11
66,4.6042337,69.37424,2.4198918,66.353676,4,3.0772023,54.64078,6.8068566,63.61249,10
66,4.606216,69.38096,2.4197829,66.3089,4,3.0772023,54.64078,6.8068566,63.57702,10
69,4.607886,69.89497,2.4096715,66.13079,4,3.0772023,54.64078,6.8068566,63.463642,10
67,4.6086926,69.893166,2.4133813,66.1494,4,3.0772023,54.64078,6.8068566,63.58167,10
64,4.601361,70.11655,2.3635366,65.95274,4,3.0772023,54.64078,6.8068566,63.54908,10
64,4.601361,70.11655,2.3635366,65.87368,4,3.0772023,54.64078,6.8068566,63.4729,10
64,4.601361,70.11655,2.3635366,65.886765,4,3.0772023,54.64078,6.8068566,63.48551,10
62,4.5999117,70.72078,2.3665974,66.09928,5,2.937191,52.4074,6.450782,67.07823,10
63,4.6009045,71.23361,2.3642552,65.89726,5,2.937191,52.4074,6.450782,66.895386,10
64,4.599569,70.641685,2.3619862,65.90849,5,2.937191,52.4074,6.450782,66.91787,10
64,4.599569,70.641685,2.3619862,66.075966,5,2.937191,52.4074,6.450782,67.087906,10
63,4.5988274,71.24027,2.3642552,65.92304,5,2.937191,52.4074,6.450782,66.92156,10
67,4.5959935,71.647575,2.357566,66.26975,5,2.937191,52.4074,6.450782,67.04908,10
69,4.597451,71.60496,2.3541787,66.27462,4,2.769301,47.981804,6.005308,69.030685,10
71,4.596983,72.011955,2.352399,66.29837,4,2.769301,47.981804,6.005308,68.8119,10
70,4.5962796,72.57025,2.3543046,66.29618,4,2.769301,47.981804,6.005308,68.79312,10
71,4.5969834,72.98085,2.3527648,66.417564,4,2.769301,47.981804,6.005308,68.93887,10
72,4.5942125,72.93884,2.350873,66.42253,4,2.769301,47.981804,6.005308,68.83191,10
73,4.5949254,72.89798,2.349413,66.43663,4,2.769301,47.981804,6.005308,68.86684,10
73,4.5949254,72.89798,2.349413,66.45018,4,2.769301,47.981804,6.005308,68.880875,8
74,4.594026,73.288315,2.3479407,66.40641,4,2.769301,47.981804,6.005308,68.85321,10
74,4.594026,73.288315,2.3479407,66.42721,4,2.769301,47.981804,6.005308,68.87473,11
73,4.595149,73.33375,2.3482344,66.3836,4,2.769301,47.981804,6.005308,68.81276,10
75,4.593461,73.66888,2.3457046,66.47715,4,2.769301,47.981804,6.005308,68.945885,10
76,4.592604,73.62002,2.345357,66.56068,4,2.769301,47.981804,6.005308,68.80286,10
76,4.6520176,74.54048,2.3745549,67.60135,4,2.769301,47.981804,6.005308,68.98975,11
77,4.5934625,73.10227,2.3440444,66.40484,4,2.769301,47.981804,6.005308,68.78255,9
78,4.595977,73.49049,2.3420615,66.41895,4,2.769301,47.981804,6.005308,68.932495,10
77,4.5968547,73.11526,2.342264,66.258286,4,2.769301,47.981804,6.005308,68.87059,10
77,4.5968547,73.11526,2.342264,66.188,4,2.769301,47.981804,6.005308,68.797554,10
76,4.5958886,72.73701,2.3431935,66.3841,4,2.769301,47.981804,6.005308,68.9845,10
79,4.5961456,73.040245,2.3597033,66.11735,4,2.769301,47.981804,6.005308,68.93552,9
79,4.5961456,72.222176,2.3596716,66.106766,4,2.769301,47.981804,6.005308,68.9301,10
80,4.595136,72.19384,2.3579137,66.16921,4,2.769301,47.981804,6.005308,68.88978,10
80,4.595136,72.19384,2.3579137,66.198524,4,2.769301,47.981804,6.005308,68.9203,10
82,4.5947876,72.13944,2.354621,66.36699,4,2.769301,47.981804,6.005308,69.0084,9
81,4.5925364,71.76058,2.3560717,66.394295,4,2.769301,47.981804,6.005308,69.01738,10
82,4.5915575,71.342285,2.355315,66.50786,4,2.769301,47.981804,6.005308,68.91701,11
87,4.5936384,70.84369,2.3523803,66.40259,3,2.5772595,48.633465,5.4126563,70.31071,10
87,4.5936384,70.84369,2.3523803,66.600174,3,2.5772595,48.633465,5.4126563,70.51995,9
89,4.593351,70.82373,2.3507938,66.59338,3,2.5772595,48.633465,5.4126563,70.44266,10
90,4.5924067,70.817,2.3515654,66.70762,3,2.5772595,48.633465,5.4126563,70.46987,10
93,4.591389,71.13366,2.34819,66.548,3,2.5772595,48.633465,5.4126563,70.36636,10
95,4.5925446,71.44325,2.3459344,66.735855,3,2.5772595,48.633465,5.4126563,70.49819,10
95,4.5924993,71.43534,2.345382,66.62907,3,2.5772595,48.633465,5.4126563,70.38532,11
93,4.591389,71.462395,2.3472877,66.72211,3,2.5772595,48.633465,5.4126563,70.43743,10
94,4.591973,72.13633,2.3463578,66.99153,3,2.5772595,48.633465,5.4126563,70.37342,9
94,4.591973,72.13633,2.3463578,67.02729,3,2.5772595,48.633465,5.4126563,70.41102,10
95,4.5938473,72.508316,2.3445153,66.95028,3,2.5772595,48.633465,5.4126563,70.354454,10
90,4.5937643,71.93685,2.350939,66.6211,3,2.5772595,48.633465,5.4126563,70.32125,10
94,4.5931396,71.46946,2.347278,66.609505,3,2.5772595,48.633465,5.4126563,70.38428,10
94,4.5932155,71.464195,2.348929,66.71465,3,2.5772595,48.633465,5.4126563,70.39303,10
92,4.593528,71.14616,2.3520384,66.817665,3,2.5772595,48.633465,5.4126563,70.46452,9
94,4.594476,71.525955,2.3670945,66.59906,3,2.5772595,48.633465,5.4126563,70.42748,10
93,4.595369,71.19292,2.3680584,66.65188,3,2.5772595,48.633465,5.4126563,70.465775,10
94,4.595835,71.17974,2.350799,66.74237,3,2.5772595,48.633465,5.4126563,70.47645,10
98,4.594114,71.83729,2.3638728,66.65394,2,2.6773167,43.473873,5.0264845,80.692856,10
97,4.5974903,70.81667,2.365435,66.75407,2,2.6773167,43.473873,5.0264845,80.68645,12
97,4.5974903,70.81667,2.365435,66.638885,2,2.6773167,43.473873,5.0264845,80.54724,10
97,4.595913,70.816666,2.3645875,66.627815,2,2.6773167,43.473873,5.0264845,80.536545,10
101,4.5950975,71.09969,2.362379,66.85718,2,2.6773167,43.473873,5.0264845,80.67734,11
101,4.5950975,71.09969,2.362379,66.79812,2,2.6773167,43.473873,5.0264845,80.60614,10
105,4.5956106,70.703354,2.3573513,66.64979,2,2.6773167,43.473873,5.0264845,80.50569,10
108,4.5945945,70.988495,2.355276,66.55992,2,2.6773167,43.473873,5.0264845,80.611046,9
112,4.596175,70.90849,2.352267,66.60728,2,2.6773167,43.473873,5.0264845,80.632614,9
115,4.597562,71.175156,2.3481877,66.70893,2,2.6773167,43.473873,5.0264845,80.712814,9
117,4.5972757,71.154305,2.3468983,66.69009,2,2.6773167,43.473873,5.0264845,80.62607,10
118,4.5965824,71.14414,2.3458147,66.59462,2,2.6773167,43.473873,5.0264845,80.51959,10
122,4.5971217,70.79837,2.3430617,66.650185,2,2.6773167,43.473873,5.0264845,80.4619,9
124,4.596786,70.788765,2.3407252,66.8052,2,2.6773167,43.473873,5.0264845,80.68053,10
125,4.5971165,70.4859,2.3401787,66.71136,2,2.6773167,43.473873,5.0264845,80.58417,10
126,4.5975065,70.48515,2.338686,66.82287,2,2.6773167,43.473873,5.0264845,80.64753,11
127,4.5969167,70.72722,2.3377438,66.79365,2,2.6773167,43.473873,5.0264845,80.6228,10
130,4.595723,70.70761,2.336854,66.85917,2,2.6773167,43.473873,5.0264845,80.660255,10
134,4.5963917,70.418686,2.3340988,66.85061,2,2.6773167,43.473873,5.0264845,80.63607,10
139,4.5961328,70.64216,2.3421714,66.77641,2,2.6773167,43.473873,5.0264845,80.555084,10
139,4.594344,70.68067,2.3423684,66.68441,2,2.6773167,43.473873,5.0264845,80.44481,10
142,4.5944195,70.893745,2.3390563,66.83434,2,2.6773167,43.473873,5.0264845,80.6793,10
141,4.5948877,70.900406,2.3397284,66.663055,2,2.6773167,43.473873,5.0264845,80.53568,10
140,4.6277084,71.41184,2.356265,67.017075,2,2.6773167,43.473873,5.0264845,80.468414,10
145,4.5947175,70.62699,2.339985,66.496925,2,2.6773167,43.473873,5.0264845,80.469986,9
146,4.5950217,70.625786,2.3391564,66.57421,2,2.6773167,43.473873,5.0264845,80.576416,9
150,4.59598,70.36376,2.3365362,66.60809,2,2.6773167,43.473873,5.0264845,80.67043,8
156,4.596151,70.35654,2.3333578,66.53469,2,2.6773167,43.473873,5.0264845,80.726036,9
159,4.595292,70.75065,2.3311825,66.425224,2,2.6773167,43.473873,5.0264845,80.7068,9
165,4.5955596,70.47162,2.3377924,66.20286,2,2.6773167,43.473873,5.0264845,80.504074,10
173,4.5948915,70.00668,2.3332202,66.39834,2,2.6773167,43.473873,5.0264845,80.67885,10
174,4.5946283,69.79695,2.3324828,66.22841,2,2.6773167,43.473873,5.0264845,80.482895,9
175,4.5949235,69.80069,2.331938,66.3274,2,2.6773167,43.473873,5.0264845,80.61214,9
176,4.595731,69.811035,2.3314779,66.2205,2,2.6773167,43.473873,5.0264845,80.55344,12
175,4.596316,69.81012,2.3321347,66.22617,2,2.6773167,43.473873,5.0264845,80.55129,8
176,4.5946097,69.8438,2.3215497,66.42087,2,2.6773167,43.473873,5.0264845,80.63213,11
177,4.5942354,69.84371,2.3303008,66.32385,2,2.6773167,43.473873,5.0264845,80.52355,10
177,4.5942354,69.84135,2.3298404,66.354095,2,2.6773167,43.473873,5.0264845,80.55824,9
181,4.593123,69.83811,2.326628,66.35812,2,2.6773167,43.473873,5.0264845,80.534615,9
185,4.592033,70.00052,2.325312,66.36066,2,2.6773167,43.473873,5.0264845,80.577774,10
186,4.592351,70.17809,2.3242986,66.394135,2,2.6773167,43.473873,5.0264845,80.56572,10
187,4.592997,70.38019,2.3148031,66.477264,2,2.6773167,43.473873,5.0264845,80.58864,11
190,4.5924234,70.37584,2.3140576,66.50872,2,2.6773167,43.473873,5.0264845,80.47608,10
196,4.5919204,70.37391,2.3119123,66.64309,2,2.6773167,43.473873,5.0264845,80.63522,10
197,4.592196,70.36966,2.3119862,66.57379,2,2.6773167,43.473873,5.0264845,80.55957,10
197,4.592196,70.53426,2.311864,66.694016,2,2.6773167,43.473873,5.0264845,80.64734,10
197,4.592196,70.53426,2.311864,66.58224,2,2.6773167,43.473873,5.0264845,80.512184,9
199,4.592082,70.68883,2.3107212,66.576126,2,2.6773167,43.473873,5.0264845,80.46892,8
200,4.5923605,70.68516,2.3104138,66.891525,2,2.6773167,43.473873,5.0264845,80.74782,10
202,4.5915146,70.83752,2.3104427,66.77057,2,2.6773167,43.473873,5.0264845,80.73077,9
205,4.591598,70.82574,2.310175,66.7129,2,2.6773167,43.473873,5.0264845,80.58567,8
206,4.592401,70.797905,2.3102508,66.53894,2,2.6773167,43.473873,5.0264845,80.44195,11
208,4.592347,70.4549,2.309664,66.6607,2,2.6773167,43.473873,5.0264845,80.556076,12
207,4.592732,70.14141,2.310615,66.717865,2,2.6773167,43.473873,5.0264845,80.614334,11
210,4.59253,70.2928,2.3104377,66.8991,2,2.6773167,43.473873,5.0264845,80.66839,10
210,4.5917764,70.44517,2.3109558,66.96967,2,2.6773167,43.473873,5.0264845,80.69668,10
211,4.5919223,70.445274,2.311096,66.95631,2,2.6773167,43.473873,5.0264845,80.642624,8
214,4.5920525,70.4378,2.3103075,67.02901,2,2.6773167,43.473873,5.0264845,80.65809,10
220,4.5921803,70.424934,2.308907,67.07284,2,2.6773167,43.473873,5.0264845,80.62247,11
223,4.5923214,70.41674,2.308194,66.990585,2,2.6773167,43.473873,5.0264845,80.554955,9
223,4.5934057,70.42,2.3063486,66.954475,2,2.6773167,43.473873,5.0264845,80.56446,10
228,4.5927734,70.08897,2.3055704,67.09552,2,2.6773167,43.473873,5.0264845,80.72746,10
226,4.593282,70.24934,2.3065994,67.07737,1,2.3771453,43.473873,5.0264845,80.63611,11
225,4.5924654,70.248566,2.305398,66.988754,1,2.3771453,43.473873,5.0264845,80.61084,11
225,4.593552,70.25108,2.3044853,67.00415,1,2.3771453,43.473873,5.0264845,80.58169,9
226,4.59447,70.24667,2.3044927,67.11449,1,2.3771453,43.473873,5.0264845,80.67906,9
228,4.5948396,70.23767,2.3044999,67.0924,1,2.3771453,43.473873,5.0264845,80.62214,10
230,4.594093,69.933945,2.303639,67.11045,1,2.3771453,43.473873,5.0264845,80.65931,10
228,4.596896,69.644394,2.3034816,67.117386,1,2.3771453,43.473873,5.0264845,80.5939,11
230,4.596158,69.65431,2.3033504,66.9613,1,2.3771453,43.473873,5.0264845,80.502815,13
230,4.5975404,69.95641,2.3033943,66.90232,1,2.3771453,43.473873,5.0264845,80.49559,11
226,4.5967817,70.273186,2.3039415,67.19227,1,2.3771453,43.473873,5.0264845,80.63081,12
228,4.598612,70.420746,2.3021572,67.094894,1,2.3771453,43.473873,5.0264845,80.50797,11
230,4.5982747,70.55393,2.3006892,67.09404,1,2.3771453,43.473873,5.0264845,80.48294,10
234,4.597836,70.383995,2.2992353,67.21545,1,2.3771453,43.473873,5.0264845,80.573524,10
237,4.598823,70.383934,2.297804,67.26973,1,2.3771453,43.473873,5.0264845,80.57852,13
236,4.5996933,70.54682,2.2904458,67.40661,1,2.3771453,43.473873,5.0264845,80.706085,9
239,4.5997305,70.53756,2.289842,67.41525,1,2.3771453,43.473873,5.0264845,80.70856,10
237,4.598786,70.53908,2.2838576,67.362785,1,2.3771453,43.473873,5.0264845,80.62768,11
236,4.5995126,70.56282,2.28429,67.42587,1,2.3771453,43.473873,5.0264845,80.68718,12
235,4.599335,70.289345,2.2839472,67.38143,1,2.3771453,43.473873,5.0264845,80.61227,9
235,4.5998435,70.28988,2.2839158,67.407036,1,2.3771453,43.473873,5.0264845,80.63959,10
237,4.5994954,70.15128,2.2841125,67.46964,1,2.3771453,43.473873,5.0264845,80.691895,9
240,4.5999494,70.150894,2.2840903,67.31251,1,2.3771453,43.473873,5.0264845,80.448296,10
242,4.5997324,70.5787,2.2900798,67.541565,1,2.3771453,43.473873,5.0264845,80.65874,8
243,4.600326,70.27189,2.2896655,67.51451,1,2.3771453,43.473873,5.0264845,80.63582,9
245,4.6006794,70.26913,2.2889268,67.35778,1,2.3771453,43.473873,5.0264845,80.472725,11
244,4.601367,70.149506,2.289333,67.4132,1,2.3771453,43.473873,5.0264845,80.480865,11
246,4.601716,70.01771,2.2904758,67.60861,1,2.3771453,43.473873,5.0264845,80.73794,12
246,4.601678,70.14514,2.2905655,67.31056,1,2.3771453,43.473873,5.0264845,80.472496,11
254,4.6019616,69.86896,2.2880688,67.304825,1,2.3771453,43.473873,5.0264845,80.48403,10
260,4.6014357,69.739624,2.281736,67.47605,1,2.3771453,43.473873,5.0264845,80.60536,11
264,4.6016264,69.74288,2.281002,67.38517,1,2.3771453,43.473873,5.0264845,80.56103,9
271,4.602161,69.849915,2.2800202,67.34401,1,2.3771453,43.473873,5.0264845,80.46589,11
271,4.6020794,69.85235,2.2804594,67.424225,1,2.3771453,43.473873,5.0264845,80.56171,11
273,4.6023674,69.71671,2.2800095,67.37337,1,2.3771453,43.473873,5.0264845,80.483185,10
275,4.6020184,69.584465,2.2807226,67.568726,1,2.3771453,43.473873,5.0264845,80.65851,8
275,4.6024632,69.34888,2.2806854,67.41762,1,2.3771453,43.473873,5.0264845,80.476395,10
276,4.6020675,69.46762,2.280306,67.43717,1,2.3771453,43.473873,5.0264845,80.50986,9
275,4.6027856,69.46425,2.2743366,67.458916,1,2.3771453,43.473873,5.0264845,80.56931,12
275,4.603653,69.593155,2.2740202,67.448425,1,2.3771453,43.473873,5.0264845,80.51126,9
274,4.60355,69.45244,2.2735293,67.40585,1,2.3771453,43.473873,5.0264845,80.529305,8
275,4.604407,69.57909,2.272987,67.29068,1,2.3771453,43.473873,5.0264845,80.48207,10
280,4.604154,69.46377,2.2714772,67.49478,1,2.3771453,43.473873,5.0264845,80.69802,9
277,4.604414,69.5887,2.2655995,67.41611,1,2.3771453,43.473873,5.0264845,80.64652,10
276,4.604737,69.58737,2.2653792,67.43749,1,2.3771453,43.473873,5.0264845,80.70442,10
280,4.604347,69.44444,2.266144,67.28804,1,2.3771453,43.473873,5.0264845,80.485916,9
287,4.6038294,69.42963,2.26638,67.45339,1,2.3771453,43.473873,5.0264845,80.67253,9
290,4.6032724,69.29565,2.2658477,67.22387,1,2.3771453,43.473873,5.0264845,80.462585,11
291,4.602523,69.29647,2.2673202,67.308395,1,2.3771453,43.473873,5.0264845,80.52788,10
295,4.6027684,69.302605,2.2671547,67.14681,1,2.3771453,43.473873,5.0264845,80.47078,9
294,4.602186,69.42712,2.2674496,67.209526,1,2.3771453,43.473873,5.0264845,80.490585,8
295,4.601216,69.429634,2.2664697,67.3112,1,2.3771453,43.473873,5.0264845,80.66067,10
295,4.6017723,69.55431,2.2661514,67.24143,1,2.3771453,43.473873,5.0264845,80.61353,10
299,4.6018696,69.57202,2.2655654,67.28156,1,2.3771453,43.473873,5.0264845,80.66754,9
300,4.6021743,69.59235,2.266103,67.28189,1,2.3771453,43.473873,5.0264845,80.607086,10
297,4.601311,69.583435,2.2665904,67.22242,1,2.3771453,43.473873,5.0264845,80.62253,14
296,4.6011257,69.58376,2.2662177,67.081406,1,2.3771453,43.473873,5.0264845,80.481674,10
296,4.600637,69.69441,2.265971,67.09278,1,2.3771453,43.473873,5.0264845,80.551605,10
299,4.6006694,69.80369,2.2652738,67.117546,1,2.3771453,43.473873,5.0264845,80.60556,8
302,4.6010985,69.79548,2.2652895,67.19887,1,2.3771453,43.473873,5.0264845,80.68444,11
308,4.600758,69.66965,2.2648237,67.19659,1,2.3771453,43.473873,5.0264845,80.61171,10
308,4.6015153,69.54939,2.2648373,67.16431,1,2.3771453,43.473873,5.0264845,80.57401,9
308,4.6012177,69.66179,2.2650738,67.245514,1,2.3771453,43.473873,5.0264845,80.630554,16
312,4.60077,69.66551,2.265149,67.07148,1,2.3771453,43.473873,5.0264845,80.485374,9
310,4.600647,69.77989,2.2649496,67.11786,1,2.3771453,43.473873,5.0264845,80.56059,8
309,4.600784,69.781364,2.2651849,67.16463,1,2.3771453,43.473873,5.0264845,80.61003,7
309,4.6000047,69.78363,2.2659628,67.20737,1,2.3771453,43.473873,5.0264845,80.6596,10
310,4.6006856,69.78344,2.2605217,67.23736,1,2.3771453,43.473873,5.0264845,80.56812,9
313,4.600449,69.780754,2.2597523,67.29414,1,2.3771453,43.473873,5.0264845,80.66,11
316,4.6004953,69.78258,2.2601554,67.30763,1,2.3771453,43.473873,5.0264845,80.59528,10
318,4.6001472,69.899445,2.259895,67.37804,1,2.3771453,43.473873,5.0264845,80.701416,10
317,4.6003375,70.01885,2.2604628,67.34412,1,2.3771453,43.473873,5.0264845,80.60019,9
317,4.6004868,70.01958,2.2608356,67.42545,1,2.3771453,43.473873,5.0264845,80.6218,10
317,4.601282,70.11978,2.261461,67.32243,1,2.3771453,43.473873,5.0264845,80.6245,9
316,4.6014514,70.1065,2.259536,67.19359,1,2.3771453,43.473873,5.0264845,80.457375,10
319,4.602166,69.99343,2.2588835,67.28652,1,2.3771453,43.473873,5.0264845,80.59037,10
318,4.601776,70.09456,2.2585123,67.27295,1,2.3771453,43.473873,5.0264845,80.6322,11
316,4.6024003,69.7752,2.2583013,67.24715,1,2.3771453,43.473873,5.0264845,80.52418,11
319,4.602575,69.77188,2.2586148,67.35654,1,2.3771453,43.473873,5.0264845,80.6398,7
320,4.6024356,69.653366,2.2586524,67.32249,1,2.3771453,43.473873,5.0264845,80.64249,9
323,4.60203,69.661674,2.2580204,67.40864,1,2.3771453,43.473873,5.0264845,80.69161,9
323,4.60044,69.53058,2.2585886,67.41346,1,2.3771453,43.473873,5.0264845,80.631424,11
325,4.60131,69.416084,2.2588034,67.409775,1,2.3771453,43.473873,5.0264845,80.60612,11
324,4.6015053,69.507385,2.2585552,67.41836,1,2.3771453,43.473873,5.0264845,80.640945,9
326,4.6017237,69.62401,2.2582808,67.276634,1,2.3771453,43.473873,5.0264845,80.521164,11
321,4.6019144,69.51717,2.2582853,67.45771,1,2.3771453,43.473873,5.0264845,80.661224,11
320,4.6025696,69.629745,2.2581856,67.44103,1,2.3771453,43.473873,5.0264845,80.63235,12
318,4.6023836,69.50592,2.2578735,67.36956,1,2.3771453,43.473873,5.0264845,80.52913,12
319,4.602783,69.40496,2.258477,67.38149,1,2.3771453,43.473873,5.0264845,80.603905,10
318,4.602594,69.4068,2.25834,67.38894,1,2.3771453,43.473873,5.0264845,80.67699,11
321,4.602603,69.29762,2.2577972,67.21813,1,2.3771453,43.473873,5.0264845,80.53287,10
324,4.6017146,69.30984,2.257653,67.318985,1,2.3771453,43.473873,5.0264845,80.60696,14
324,4.601694,69.40399,2.2575605,67.38597,1,2.3771453,43.473873,5.0264845,80.68884,10
322,4.6018558,69.29988,2.257801,67.20749,1,2.3771453,43.473873,5.0264845,80.423454,11
322,4.60177,69.39559,2.2580116,67.4793,1,2.3771453,43.473873,5.0264845,80.68291,9
324,4.6015754,69.29254,2.2589366,67.33002,1,2.3771453,43.473873,5.0264845,80.47434,10
321,4.6003566,69.51812,2.2596128,67.32874,1,2.3771453,43.473873,5.0264845,80.51148,11
315,4.5999427,69.6269,2.2590058,67.34814,1,2.3771453,43.473873,5.0264845,80.38396,14
318,4.600264,69.64257,2.258923,67.45788,1,2.3771453,43.473873,5.0264845,80.54036,11
314,4.600575,69.865974,2.2583628,67.4308,1,2.3771453,43.473873,5.0264845,80.54303,13
313,4.600525,69.96733,2.258621,67.48879,1,2.3771453,43.473873,5.0264845,80.59362,11
317,4.6006613,70.082634,2.2578044,67.47452,1,2.3771453,43.473873,5.0264845,80.64964,9
319,4.6004705,70.17786,2.2580926,67.42679,1,2.3771453,43.473873,5.0264845,80.57793,10
316,4.600038,70.1899,2.2577848,67.42825,1,2.3771453,43.473873,5.0264845,80.62108,14
320,4.6003137,70.18545,2.257957,67.35278,1,2.3771453,43.473873,5.0264845,80.56295,9
318,4.5997453,70.186485,2.2576602,67.305016,1,2.3771453,43.473873,5.0264845,80.48773,11
317,4.5997024,70.19481,2.257054,67.85395,1,2.3771453,43.473873,5.0264845,81.044136,10
315,4.6007824,69.99014,2.2566097,67.43605,1,2.3771453,43.473873,5.0264845,80.6074,10
314,4.6001487,70.21228,2.256687,67.46863,1,2.3771453,43.473873,5.0264845,80.5984,11
318,4.6001697,70.20888,2.257368,67.523125,1,2.3771453,43.473873,5.0264845,80.66402,10
316,4.600219,70.425125,2.2579768,67.543465,1,2.3771453,43.473873,5.0264845,80.667915,13
312,4.6142836,70.650604,2.265934,67.75432,1,2.3771453,43.473873,5.0264845,80.67026,12
315,4.5995874,70.30783,2.2585568,67.29358,1,2.3771453,43.473873,5.0264845,80.435,11
311,4.6008387,70.20101,2.2573457,67.476906,1,2.3771453,43.473873,5.0264845,80.718216,13
312,4.601608,70.32622,2.257349,67.3918,1,2.3771453,43.473873,5.0264845,80.636284,9
313,4.6016,70.31414,2.2581043,67.41946,1,2.3771453,43.473873,5.0264845,80.68114,11
316,4.601547,70.091225,2.2581294,67.302025,1,2.3771453,43.473873,5.0264845,80.51164,11
320,4.601682,70.191025,2.2581987,67.269394,1,2.3771453,43.473873,5.0264845,80.47281,10
319,4.6016,70.30687,2.2582412,67.42213,1,2.3771453,43.473873,5.0264845,80.580376,11
319,4.6012454,70.41789,2.2582264,67.4566,1,2.3771453,43.473873,5.0264845,80.623184,10
319,4.600726,70.42104,2.2584858,67.23068,1,2.3771453,43.473873,5.0264845,80.46564,9
317,4.6012177,70.54208,2.259261,67.23457,1,2.3771453,43.473873,5.0264845,80.48719,11
315,4.601371,70.552895,2.2588599,67.36504,1,2.3771453,43.473873,5.0264845,80.62749,11
311,4.6020308,70.662766,2.2532926,67.208374,1,2.3771453,43.473873,5.0264845,80.58313,16
309,4.6022387,70.793434,2.2533402,67.32616,1,2.3771453,43.473873,5.0264845,80.70658,12
307,4.6027246,70.80155,2.2524693,67.24521,1,2.3771453,43.473873,5.0264845,80.664276,10
306,4.6031666,70.80218,2.2523441,67.102936,1,2.3771453,43.473873,5.0264845,80.561775,10
305,4.6034904,71.0385,2.2529385,67.11512,1,2.3771453,43.473873,5.0264845,80.5394,13
301,4.604331,70.82184,2.2530944,67.141136,1,2.3771453,43.473873,5.0264845,80.53321,9
301,4.604331,70.82184,2.2530944,67.251305,1,2.3771453,43.473873,5.0264845,80.66525,10
301,4.6043177,70.81596,2.2526016,67.20054,1,2.3771453,43.473873,5.0264845,80.68109,10
304,4.605626,70.80228,2.251989,67.18646,1,2.3771453,43.473873,5.0264845,80.69634,11
307,4.605896,70.57313,2.2521296,67.01215,1,2.3771453,43.473873,5.0264845,80.48048,10
303,4.6053977,70.47476,2.2529368,67.022156,1,2.3771453,43.473873,5.0264845,80.49661,10
305,4.6053095,70.46929,2.252787,67.14227,1,2.3771453,43.473873,5.0264845,80.62336,10
306,4.60496,70.475006,2.2522888,67.118004,1,2.3771453,43.473873,5.0264845,80.60033,9
306,4.605327,70.473816,2.252448,67.1328,1,2.3771453,43.473873,5.0264845,80.65598,10
305,4.6050773,70.705536,2.25253,67.03177,1,2.3771453,43.473873,5.0264845,80.57198,11
304,4.6050014,70.816025,2.2527804,67.13291,1,2.3771453,43.473873,5.0264845,80.5936,11
308,4.6058145,70.80081,2.2520554,67.349106,1,2.3771453,43.473873,5.0264845,80.69956,10
305,4.603731,70.93967,2.2527971,67.2279,1,2.3771453,43.473873,5.0264845,80.64069,12
306,4.603043,70.92292,2.2524438,67.20803,1,2.3771453,43.473873,5.0264845,80.66713,11
304,4.6027603,70.92909,2.2528453,67.27971,1,2.3771453,43.473873,5.0264845,80.66419,8
305,4.6028795,70.80588,2.252698,67.23794,1,2.3771453,43.473873,5.0264845,80.58688,7
308,4.602579,70.80011,2.2529385,67.46518,1,2.3771453,43.473873,5.0264845,80.737076,10
311,4.6026235,70.769516,2.252594,67.379906,1,2.3771453,43.473873,5.0264845,80.551125,10
310,4.6027803,70.77312,2.252718,67.43477,1,2.3771453,43.473873,5.0264845,80.57405,10
310,4.6032495,70.67495,2.2529333,67.50709,1,2.3771453,43.473873,5.0264845,80.62671,11
311,4.604152,70.55936,2.2529287,67.47696,1,2.3771453,43.473873,5.0264845,80.60007,12
309,4.6035647,70.6688,2.2535472,67.48575,1,2.3771453,43.473873,5.0264845,80.58749,12
314,4.6035995,70.42183,2.2531824,67.45382,1,2.3771453,43.473873,5.0264845,80.58111,11
311,4.6040645,70.43699,2.2534225,67.54668,1,2.3771453,43.473873,5.0264845,80.73486,9
312,4.604961,70.42792,2.2530987,67.42094,1,2.3771453,43.473873,5.0264845,80.594475,10
317,4.604964,70.52915,2.2524672,67.38772,1,2.3771453,43.473873,5.0264845,80.49896,9
318,4.6038055,70.62675,2.2535248,67.424194,1,2.3771453,43.473873,5.0264845,80.590195,9
315,4.603374,70.6477,2.2531087,67.568565,1,2.3771453,43.473873,5.0264845,80.718796,9
314,4.6050262,70.7648,2.2529602,67.373276,1,2.3771453,43.473873,5.0264845,80.466156,10
315,4.6059866,70.757614,2.2517025,67.2682,1,2.3771453,43.473873,5.0264845,80.45407,11
316,4.6060777,70.87099,2.2519524,67.48662,1,2.3771453,43.473873,5.0264845,80.71766,11
312,4.6065097,70.9998,2.2508776,67.423645,1,2.3771453,43.473873,5.0264845,80.728485,15
312,4.6065497,70.99106,2.250756,67.22117,1,2.3771453,43.473873,5.0264845,80.45204,10
314,4.606345,70.98193,2.2506568,67.37715,1,2.3771453,43.473873,5.0264845,80.62343,10
318,4.606848,71.085,2.2504976,67.40678,1,2.3771453,43.473873,5.0264845,80.65651,9
317,4.607134,71.092354,2.25055,67.334564,1,2.3771453,43.473873,5.0264845,80.63509,11
318,4.607991,71.190056,2.2507052,67.42985,1,2.3771453,43.473873,5.0264845,80.64542,10
317,4.6079454,71.21456,2.2513423,67.42205,1,2.3771453,43.473873,5.0264845,80.588234,11
318,4.608239,71.31327,2.2512083,67.436134,1,2.3771453,43.473873,5.0264845,80.64819,10
317,4.609076,71.4366,2.25064,67.266594,1,2.3771453,43.473873,5.0264845,80.43642,11
320,4.6097875,71.42369,2.249392,67.39528,1,2.3771453,43.473873,5.0264845,80.54498,11
320,4.6095343,71.42722,2.249628,67.392715,1,2.3771453,43.473873,5.0264845,80.50401,11
319,4.610191,71.426346,2.249659,67.40601,1,2.3771453,43.473873,5.0264845,80.54645,9
320,4.610137,71.42493,2.2497268,67.516556,1,2.3771453,43.473873,5.0264845,80.65309,8
322,4.6110606,71.52584,2.249468,67.50691,1,2.3771453,43.473873,5.0264845,80.590454,12
319,4.6113114,71.9933,2.2490163,67.4567,1,2.3771453,43.473873,5.0264845,80.45417,11
318,4.6119413,72.09933,2.2492218,67.56976,1,2.3771453,43.473873,5.0264845,80.66879,10
322,4.612014,72.07409,2.249725,67.58891,1,2.3771453,43.473873,5.0264845,80.69248,9
326,4.6120515,72.04632,2.2497354,67.44994,1,2.3771453,43.473873,5.0264845,80.50049,10
327,4.6117415,72.13344,2.2500072,76.57525,1,2.3771453,43.473873,5.0264845,91.46506,9
327,4.6114216,72.038055,2.250201,66.92306,1,2.3771453,43.473873,5.0264845,79.932144,13
329,4.611501,72.12399,2.2498617,67.05723,1,2.3771453,43.473873,5.0264845,80.11287,10
332,4.6117816,72.10439,2.2495832,67.22033,1,2.3771453,43.473873,5.0264845,80.33364,7
331,4.6132116,72.0046,2.2491002,67.322464,1,2.3771453,43.473873,5.0264845,80.55849,12
329,4.6138425,71.92318,2.2486508,67.26308,1,2.3771453,43.473873,5.0264845,80.4706,10
326,4.6147733,71.94765,2.2487721,67.03096,1,2.3771453,43.473873,5.0264845,80.13221,12
328,4.6147947,72.03342,2.248773,67.323395,1,2.3771453,43.473873,5.0264845,80.50579,9
327,4.614393,71.83479,2.2487767,67.39988,1,2.3771453,43.473873,5.0264845,80.55676,13
326,4.614283,71.75301,2.2493353,67.38317,1,2.3771453,43.473873,5.0264845,80.589226,12
328,4.61544,71.628784,2.2491071,67.31303,1,2.3771453,43.473873,5.0264845,80.53003,14
330,4.6156993,71.50964,2.248935,67.445305,1,2.3771453,43.473873,5.0264845,80.60097,9
332,4.615513,71.504585,2.2493596,67.29306,1,2.3771453,43.473873,5.0264845,80.471466,11
329,4.615478,71.61493,2.2489681,67.35377,1,2.3771453,43.473873,5.0264845,80.58996,11
331,4.6157975,71.69752,2.248962,67.314926,1,2.3771453,43.473873,5.0264845,80.525566,10
330,4.615664,71.60595,2.2486086,67.32388,1,2.3771453,43.473873,5.0264845,80.53217,11
330,4.615396,71.81661,2.248209,67.258255,1,2.3771453,43.473873,5.0264845,80.52353,9
327,4.6153455,71.94336,2.2481039,67.37078,1,2.3771453,43.473873,5.0264845,80.67138,11
321,4.614114,72.00193,2.2488792,67.24917,1,2.3771453,43.473873,5.0264845,80.69685,14
319,4.61448,71.91265,2.2485836,66.90119,1,2.3771453,43.473873,5.0264845,80.43642,14
320,4.6144724,71.705505,2.2488716,67.07046,1,2.3771453,43.473873,5.0264845,80.606636,12
321,4.6135697,71.91444,2.2493038,67.04663,1,2.3771453,43.473873,5.0264845,80.553345,9
322,4.614113,71.90767,2.248261,67.13077,1,2.3771453,43.473873,5.0264845,80.629074,11
324,4.614207,71.88602,2.2475536,67.26507,1,2.3771453,43.473873,5.0264845,80.72396,10
328,4.614504,71.95773,2.2472315,67.15532,1,2.3771453,43.473873,5.0264845,80.58989,9
327,4.614195,71.96105,2.2463684,67.201195,1,2.3771453,43.473873,5.0264845,80.67602,10
330,4.6149826,72.044,2.246453,66.97919,1,2.3771453,43.473873,5.0264845,80.46251,10
335,4.6146836,72.30384,2.2460256,67.10352,1,2.3771453,43.473873,5.0264845,80.57899,10
337,4.6144185,72.19463,2.2461994,67.11253,1,2.3771453,43.473873,5.0264845,80.59645,10
340,4.6146336,72.17617,2.2459154,67.23015,1,2.3771453,43.473873,5.0264845,80.61566,11
336,4.6155744,72.310425,2.2460334,67.228386,1,2.3771453,43.473873,5.0264845,80.75659,12
331,4.6159196,72.154465,2.2458184,67.062744,1,2.3771453,43.473873,5.0264845,80.623245,14
329,4.6160784,72.06281,2.2451634,67.10449,1,2.3771453,43.473873,5.0264845,80.65872,9
331,4.6162815,71.74207,2.2452145,66.97377,1,2.3771453,43.473873,5.0264845,80.545944,9
326,4.616493,71.977615,2.2453873,67.03718,1,2.3771453,43.473873,5.0264845,80.498985,14
329,4.6163554,71.85908,2.2399528,67.05157,1,2.3771453,43.473873,5.0264845,80.50733,12
329,4.616657,72.04852,2.2395282,67.050804,1,2.3771453,43.473873,5.0264845,80.51142,10
333,4.617071,72.019325,2.2398276,67.26478,1,2.3771453,43.473873,5.0264845,80.75937,13
334,4.6177135,72.01124,2.2394395,67.21881,1,2.3771453,43.473873,5.0264845,80.58777,11
331,4.617822,71.93229,2.2390907,67.43404,1,2.3771453,43.473873,5.0264845,80.75155,10
332,4.617856,71.81766,2.2396333,67.26194,1,2.3771453,43.473873,5.0264845,80.548965,10
334,4.6181707,71.807274,2.2406175,67.19302,1,2.3771453,43.473873,5.0264845,80.534004,11
334,4.6173835,71.8059,2.240204,67.1205,1,2.3771453,43.473873,5.0264845,80.47976,10
333,4.61769,71.81146,2.239945,67.26967,1,2.3771453,43.473873,5.0264845,80.649605,10
332,4.617436,71.82177,2.2393558,67.12057,1,2.3771453,43.473873,5.0264845,80.46958,10
327,4.6176424,71.95121,2.2391791,67.14671,1,2.3771453,43.473873,5.0264845,80.532364,11
326,4.617042,72.06668,2.2398503,67.16591,1,2.3771453,43.473873,5.0264845,80.49036,15
327,4.617843,72.15679,2.2400362,67.262566,1,2.3771453,43.473873,5.0264845,80.65041,10
328,4.618025,72.265396,2.2394676,67.22763,1,2.3771453,43.473873,5.0264845,80.620285,9
330,4.6185045,72.15708,2.2391367,67.31687,1,2.3771453,43.473873,5.0264845,80.65611,9
335,4.6179767,72.31683,2.2388616,67.24655,1,2.3771453,43.473873,5.0264845,80.612045,10
332,4.618488,72.23556,2.2375364,67.136765,1,2.3771453,43.473873,5.0264845,80.57546,9
337,4.6189466,72.20122,2.237021,66.98175,1,2.3771453,43.473873,5.0264845,80.445694,10
335,4.619532,72.20469,2.237618,67.041084,1,2.3771453,43.473873,5.0264845,80.5372,9
335,4.6191483,72.20141,2.237455,67.07409,1,2.3771453,43.473873,5.0264845,80.61373,11
336,4.619588,72.09751,2.237477,66.96113,1,2.3771453,43.473873,5.0264845,80.53758,9
334,4.619428,72.10845,2.2378602,66.96,1,2.3771453,43.473873,5.0264845,80.6022,11
336,4.6199656,72.09711,2.2373095,67.032,1,2.3771453,43.473873,5.0264845,80.652084,10
337,4.6200833,72.08959,2.2368333,66.9287,1,2.3771453,43.473873,5.0264845,80.522484,9
335,4.6202555,72.08869,2.2363086,66.92867,1,2.3771453,43.473873,5.0264845,80.54618,11
334,4.6205735,72.40016,2.2357647,66.84119,1,2.3771453,43.473873,5.0264845,80.510574,10
338,4.620758,72.46645,2.2351105,66.96917,1,2.3771453,43.473873,5.0264845,80.69284,12
342,4.6210604,72.621925,2.234936,66.92216,1,2.3771453,43.473873,5.0264845,80.6693,10
349,4.621277,72.74801,2.23488,66.83091,1,2.3771453,43.473873,5.0264845,80.60249,8
352,4.6219444,72.81973,2.2353196,66.79937,1,2.3771453,43.473873,5.0264845,80.54873,10
348,4.6220665,72.7582,2.2347908,67.02202,1,2.3771453,43.473873,5.0264845,80.737366,12
342,4.6224003,72.61554,2.2343705,66.98132,1,2.3771453,43.473873,5.0264845,80.70372,11
339,4.622269,72.85291,2.234899,66.868515,1,2.3771453,43.473873,5.0264845,80.65996,10
344,4.6226654,73.012474,2.2343094,66.874725,1,2.3771453,43.473873,5.0264845,80.694084,10
342,4.621421,73.034515,2.2322109,66.68588,1,2.3771453,43.473873,5.0264845,80.53066,8
338,4.6218834,73.08271,2.231349,66.727325,1,2.3771453,43.473873,5.0264845,80.58321,11
339,4.6223416,73.16172,2.2308788,66.61052,1,2.3771453,43.473873,5.0264845,80.522095,11
343,4.621953,73.40855,2.2310624,66.65619,1,2.3771453,43.473873,5.0264845,80.625565,11
339,4.6223693,73.54989,2.2303832,66.585236,1,2.3771453,43.473873,5.0264845,80.51356,8
341,4.6222463,73.61775,2.229528,66.54907,1,2.3771453,43.473873,5.0264845,80.43182,12
347,4.622928,73.36459,2.228668,66.65816,1,2.3771453,43.473873,5.0264845,80.653595,10
346,4.6221743,73.480606,2.2287102,66.636246,1,2.3771453,43.473873,5.0264845,80.65131,10
344,4.6221724,73.59936,2.228794,66.45992,1,2.3771453,43.473873,5.0264845,80.459694,10
345,4.622061,73.78523,2.2287953,66.54314,1,2.3771453,43.473873,5.0264845,80.56617,10
349,4.622699,73.92623,2.2291691,66.599686,1,2.3771453,43.473873,5.0264845,80.699615,11
351,4.623156,73.80723,2.2290018,66.509575,1,2.3771453,43.473873,5.0264845,80.63197,7
348,4.6227384,73.92163,2.2293174,66.48209,1,2.3771453,43.473873,5.0264845,80.589584,13
343,4.622504,73.9872,2.2291753,66.377235,1,2.3771453,43.473873,5.0264845,80.614716,15
344,4.622895,74.06746,2.2285738,66.34427,1,2.3771453,43.473873,5.0264845,80.643524,11
348,4.622501,74.21203,2.2284718,66.33005,1,2.3771453,43.473873,5.0264845,80.676674,10
345,4.6227045,74.24342,2.2283473,66.2487,1,2.3771453,43.473873,5.0264845,80.60541,11
351,4.6225343,74.16802,2.2274668,66.24401,1,2.3771453,43.473873,5.0264845,80.663704,11
352,4.6224375,74.351036,2.2273188,66.23199,1,2.3771453,43.473873,5.0264845,80.64961,9
353,4.622123,74.33906,2.226615,66.123245,1,2.3771453,43.473873,5.0264845,80.51774,9
354,4.622074,74.328125,2.2261193,66.17207,1,2.3771453,43.473873,5.0264845,80.54854,11
361,4.622105,74.23631,2.2256098,66.26984,1,2.3771453,43.473873,5.0264845,80.62648,10
359,4.622105,74.345535,2.2249508,66.15978,1,2.3771453,43.473873,5.0264845,80.51701,10
357,4.6224265,74.280655,2.22522,66.1797,1,2.3771453,43.473873,5.0264845,80.53504,10
355,4.6228433,74.29799,2.2251787,66.17298,1,2.3771453,43.473873,5.0264845,80.57141,10
349,4.6243176,74.373695,2.2245774,66.21561,1,2.3771453,43.473873,5.0264845,80.59183,11
346,4.6246004,74.421684,2.2248065,66.20637,1,2.3771453,43.473873,5.0264845,80.5712,11
345,4.6245184,74.43646,2.224683,66.33399,1,2.3771453,43.473873,5.0264845,80.71471,11
342,4.625181,74.466354,2.224839,66.170815,1,2.3771453,43.473873,5.0264845,80.4978,10
348,4.6253843,74.66879,2.2242222,66.22765,1,2.3771453,43.473873,5.0264845,80.51972,9
345,4.6255875,74.81124,2.2235997,66.170395,1,2.3771453,43.473873,5.0264845,80.43765,10
345,4.625537,74.812096,2.2239122,66.287994,1,2.3771453,43.473873,5.0264845,80.57776,9
348,4.625442,74.85847,2.223741,66.26427,1,2.3771453,43.473873,5.0264845,80.565155,10
347,4.6252704,74.87172,2.223404,66.30439,1,2.3771453,43.473873,5.0264845,80.56022,8
350,4.625206,74.92206,2.223979,66.3731,1,2.3771453,43.473873,5.0264845,80.62162,10
347,4.6381307,75.074326,2.2301502,66.587654,1,2.3771453,43.473873,5.0264845,80.59104,8
347,4.625086,75.07272,2.222857,66.306305,1,2.3771453,43.473873,5.0264845,80.46317,10
343,4.6253304,75.14487,2.2225177,66.36212,0,Infinity,Infinity,Infinity,Infinity,11
347,4.6250772,74.990875,2.2227962,66.45963,0,Infinity,Infinity,Infinity,Infinity,13
350,4.625211,74.85589,2.2224777,66.48506,0,Infinity,Infinity,Infinity,Infinity,10
347,4.625935,74.99571,2.2220256,66.53821,0,Infinity,Infinity,Infinity,Infinity,13
344,4.626133,75.12117,2.2224894,66.45855,0,Infinity,Infinity,Infinity,Infinity,12
341,4.626374,75.16826,2.2224305,66.569,0,Infinity,Infinity,Infinity,Infinity,13
336,4.6256227,74.85608,2.2228377,66.50502,0,Infinity,Infinity,Infinity,Infinity,18
337,4.625358,74.93181,2.2227046,66.53435,0,Infinity,Infinity,Infinity,Infinity,11
339,4.6253996,74.70139,2.222738,66.5823,0,Infinity,Infinity,Infinity,Infinity,9
336,4.625724,74.64347,2.2225833,66.56935,0,Infinity,Infinity,Infinity,Infinity,10
